original,renamed_to,folder
Barnes Pump.pdf,Bilge_Barnes_CCESeries_OMM_RevR.pdf,/Users/davebarber/Library/CloudStorage/GoogleDrive-dave.safeharbour@gmail.com/My Drive/Vessel Maintenance System Documents/Pumps
Blackmer Handpump TM.pdf,FuelOil_Blackmer_807B-828B_OMM_RevUnknown.pdf,/Users/davebarber/Library/CloudStorage/GoogleDrive-dave.safeharbour@gmail.com/My Drive/Vessel Maintenance System Documents/Pumps
ER Ventilation Fan Centrimaster.pdf,HVAC_FlaktWoods_CentrimasterGT_OMM_RevUnknown.pdf,/Users/davebarber/Library/CloudStorage/GoogleDrive-dave.safeharbour@gmail.com/My Drive/Vessel Maintenance System Documents
Goulds PW Pump.pdf,Piping_GouldsWaterTechnology_JS5S_REFDATA_RevR4.pdf,/Users/davebarber/Library/CloudStorage/GoogleDrive-dave.safeharbour@gmail.com/My Drive/Vessel Maintenance System Documents/Pumps
HankisonCompressed Air Dryer.pdf,CompressedAir_Hankison_HPR25-75_OMM_RevUnknown.pdf,/Users/davebarber/Library/CloudStorage/GoogleDrive-dave.safeharbour@gmail.com/My Drive/Vessel Maintenance System Documents/Main Service Compressed Air System
Harco Exhaust Silencer.pdf,MainEngines_Harco_SAMSeries_REFDATA_Rev1.pdf,/Users/davebarber/Library/CloudStorage/GoogleDrive-dave.safeharbour@gmail.com/My Drive/Vessel Maintenance System Documents
Hydromatic Sewage Plant Pump.pdf,Bilge_Hydromatic_NPG-PG200_OMM_RevUnknown.pdf,/Users/davebarber/Library/CloudStorage/GoogleDrive-dave.safeharbour@gmail.com/My Drive/Vessel Maintenance System Documents
Seahorse Sewage Treatment Plant.pdf,Piping_SeahorseManufacturing_TypeIIMSD_OMM_Rev2017.pdf,/Users/davebarber/Library/CloudStorage/GoogleDrive-dave.safeharbour@gmail.com/My Drive/Vessel Maintenance System Documents
UV PW Sterilizer.pdf,Piping_Aquafine_CSLSeries_OMM_Rev20030521.pdf,/Users/davebarber/Library/CloudStorage/GoogleDrive-dave.safeharbour@gmail.com/My Drive/Vessel Maintenance System Documents
Vacon VFD TM for ER Ventilation.pdf,Electrical_Danfoss_VACON100FLOW_OMM_RevUnknown.pdf,/Users/davebarber/Library/CloudStorage/GoogleDrive-dave.safeharbour@gmail.com/My Drive/Vessel Maintenance System Documents/Ventilation
VikingPumps4195 Series.pdf,Hydraulics_VikingPump_495-4195_REFDATA_RevF.pdf,/Users/davebarber/Library/CloudStorage/GoogleDrive-dave.safeharbour@gmail.com/My Drive/Vessel Maintenance System Documents
WaterHeaterPW.pdf,HVAC_AOSmith_EES_REFDATA_RevUnknown.pdf,/Users/davebarber/Library/CloudStorage/GoogleDrive-dave.safeharbour@gmail.com/My Drive/Vessel Maintenance System Documents
WellXTrol Pressure Tank PW Specs.pdf,Piping_Amtrol_WX302_REFDATA_RevUnknown.pdf,/Users/davebarber/Library/CloudStorage/GoogleDrive-dave.safeharbour@gmail.com/My Drive/Vessel Maintenance System Documents
